{"name":"ccc.json","lines":[{"name":"grceuig","circular":"false","color":{"red":0.0,"green":0.0,"blue":0.0,"alpha":1.0},"thickness":1,"controls":[{"x":237.93597912499976,"y":667.7255355300001},{"x":528.39226288,"y":645.2178530250001}],"beginningX":128.6129498149997,"beginningY":632.356320165,"endX":709.5255173250001,"endY":587.3409551550001,"station_names":["FFGCCGOFEU"]}],"stations":[{"name":"FFGCCGOFEU","x":347.2590084349998,"y":703.0947508950002},{"name":"Statoion","x":636.6434977850001,"y":150.0488379149997}]}